Date, Element No, Used interval, SM16 Interval (new), SM17 Interval (new), SM17/SM16 Interval ratio, R (SM16), R (SM17)(exp), R (SM17), Grade, Success, abs RM16, abs RM17 (expected), abs RM17 (predicted), abs R-Metric, sqr R-Metric, Title,
Apr 28 2018 20:07:56,11,1,2,9,4.73,0.975,0.957,0.99,3,1,0.0246,0.0431,0.01,0.0147,0.0005,a thin cover for a bed_ made of wool_ cotton_ or other material. (When Marcos saw Maria sleeping on the sofa_ he covered her with a . so she wouldn’t be too cold.)
Apr 28 2018 20:09:01,25,1,2,1,0.5,0.945,0.967,0.99,2,0,0.9452,0.9672,0.99,-0.0449,-0.0869,pillow C a soft cushion for one’s head in bed_ usually filled with feathers_ cotton_ or other material. * Why do people decorate their beds with so many pil ows? I only need .
Apr 28 2018 20:09:29,20,1,2,8,3.97,0.943,0.966,0.99,4,1,0.0573,0.0341,0.01,0.0474,0.0032,mat(e/a)rial
Apr 28 2018 20:09:51,9,1,2,10,4.75,0.94,0.957,0.99,4,1,0.0595,0.0433,0.01,0.0496,0.0034,covers. (When my husband sleeps_ he always steals the covers and then I get so cold at night!)
Apr 28 2018 20:10:58,15,1,2,9,4.7,0.938,0.957,0.99,3,1,0.0615,0.0427,0.01,0.0516,0.0037,(v) to produce a show_ play_ broadcast_ etc. for the public. e.g. ESLPod.com . _A Day in the Life of Jeff__ a special 10-episode course to teach you everyday vocabulary in English.
Apr 28 2018 20:11:04,19,1,2,8,3.98,0.937,0.966,0.99,4,1,0.0633,0.0342,0.01,0.0534,0.0039,m(a/e)terial
Apr 28 2018 20:11:09,24,1,2,8,3.89,0.935,0.967,0.99,4,1,0.065,0.0332,0.01,0.0551,0.0041,cu(sh/t)ion
Apr 28 2018 20:14:21,22,1,2,1,0.5,0.933,0.967,0.99,2,0,0.9335,0.9666,0.99,-0.0566,-0.1089,(n) cushion  [_k???n]
Apr 28 2018 20:16:42,16,1,2,9,4.7,0.932,0.957,0.99,3,1,0.068,0.0427,0.01,0.058,0.0045,(n) one part of a story that is broadcast on television or radio in several parts. e.g. ESLPod.com presents _A Day in the Life of Jeff__ a special 10-. course to teach you .
Apr 29 2018 12:06:56,25,1,2,4,1.8,0.948,0.932,0.932,4,1,0.0524,0.0677,0.0677,-0.0153,-0.0018,pillow C a soft cushion for one’s head in bed_ usually filled with feathers_ cotton_ or other material. * Why do people decorate their beds with so many pil ows? I only need .
Apr 29 2018 12:07:05,23,2,4,6,1.56,0.899,0.945,0.943,3,1,0.1013,0.0555,0.0568,0.0445,0.007,(n) 垫子
Apr 29 2018 12:07:10,22,1,2,4,1.78,0.951,0.933,0.933,3,1,0.0495,0.0673,0.0673,-0.0179,-0.0021,(n) cushion  [_k???n]
Apr 29 2018 12:07:26,10,2,5,8,1.57,0.905,0.935,0.943,4,1,0.0954,0.0654,0.0568,0.0385,0.0059,the top-most_ thickest cover for a bed_ usually made of feathers or other warm material. * In the winter_ they sleep under a very thick comforter_ but in the summer they don’t .
Apr 29 2018 12:07:43,7,2,5,8,1.57,0.902,0.935,0.943,4,1,0.0982,0.0655,0.0568,0.0413,0.0064,to awaken; to stop sleeping. (She always leaves her curtains open so that she can . with the sunlight.)
Apr 29 2018 12:07:54,6,2,5,8,1.58,0.907,0.934,0.943,4,1,0.0925,0.0655,0.0568,0.0357,0.0053,to get up. (This morning I got up very quickly because the baby was crying.)
Apr 29 2018 12:08:05,8,2,5,8,1.57,0.913,0.935,0.943,4,1,0.0869,0.0655,0.0568,0.0301,0.0043,to manage; to deal with; to control. (Are you sure that you can . taking six classes this semester?)
Apr 30 2018 08:54:59,36,1,2,1,0.5,0.946,0.987,0.99,2,0,0.9457,0.9871,0.99,-0.0444,-0.0859,(n) transcript - （根据录音或笔记整理的）文字本. (n) episode - （电视连续剧的）集；（连载小说的）节. (ESLPod.com presents _A Day in the Life of Jeff__ a special 10-episode course to teach you everyday .
4月 30 2018 14:43:42,33,1,2,6,2.93,0.944,0.977,0.99,3,1,0.0555,0.0234,0.01,0.0456,0.003,(adv) not often . (I have . heard him mention her under any other name.). (syn) rarely . The Advertures of Sherlock Holmes
4月 30 2018 14:47:48,26,1,2,1,0.5,0.943,0.979,0.99,2,0,0.9434,0.9788,0.99,-0.0467,-0.0903,(n) episode  /??p??s??d/. (ESLPod.com presents _A Day in the Life of Jeff__ a special 10-episode course to teach you everyday vocabulary in English.)
4月 30 2018 14:48:20,30,1,2,9,4.33,0.942,0.962,0.99,3,1,0.0577,0.0383,0.01,0.0478,0.0032,the fabric covering a pillow; the material that covers a pillow to keep it clean. (They bought new . to match the color of their bedroom walls.)
5月 01 2018 08:13:05,18,1,2,6,3.04,0.941,0.975,0.99,4,1,0.0588,0.0245,0.01,0.0488,0.0034,Listening and Spelling
5月 01 2018 08:13:37,36,1,2,6,3.16,0.943,0.903,0.903,4,1,0.0566,0.0973,0.0973,-0.0406,-0.0063,(n) transcript - （根据录音或笔记整理的）文字本. (n) episode - （电视连续剧的）集；（连载小说的）节. (ESLPod.com presents _A Day in the Life of Jeff__ a special 10-episode course to teach you everyday .
5月 01 2018 08:14:34,26,1,2,4,2.03,0.947,0.926,0.926,4,1,0.0533,0.0737,0.0737,-0.0204,-0.0026,(n) episode  /??p??s??d/. (ESLPod.com presents _A Day in the Life of Jeff__ a special 10-episode course to teach you everyday vocabulary in English.)
5月 02 2018 10:46:25,28,3,6,11,1.86,0.851,0.916,0.917,3,1,0.1491,0.0844,0.0832,0.0659,0.0153,(translation) I have seldom heard him mention her under any other name. The Advertures of Sherlock Holmes
5月 02 2018 10:46:44,32,3,2,1,0.5,0.848,0.915,0.917,2,0,0.8482,0.9153,0.9168,-0.0686,-0.121,(n) 丑事，丑闻 . (The . about the president is spread throught the whole city.) . The Advertures of Sherlock Holmes
5月 03 2018 17:57:42,2,3,8,15,1.93,0.846,0.897,0.917,4,1,0.1544,0.1031,0.0832,0.0711,0.0169,Listening and Spelling
5月 03 2018 17:57:49,39,3,8,15,1.93,0.843,0.897,0.917,4,1,0.1568,0.1031,0.0832,0.0736,0.0177,Listening and Spelling
5月 03 2018 17:57:59,32,1,2,8,3.9,0.946,0.872,0.872,4,1,0.0541,0.128,0.128,-0.0739,-0.0135,(n) 丑事，丑闻 . (The . about the president is spread throught the whole city.) . The Advertures of Sherlock Holmes
5月 03 2018 17:58:03,12,3,7,16,2.22,0.852,0.897,0.917,4,1,0.148,0.1035,0.0832,0.0648,0.015,Listening and Spelling
5月 03 2018 17:58:09,38,3,7,16,2.22,0.86,0.897,0.917,4,1,0.1397,0.1034,0.0832,0.0565,0.0126,Listening and Spelling
5月 03 2018 17:58:48,40,3,2,1,0.5,0.844,0.897,0.917,2,0,0.8445,0.8967,0.9168,-0.0723,-0.1273,(n) two pieces of large_ thin fabric placed on a bed C one to lie on and one to lie under. (How often do you change the . on your bed?)
5月 03 2018 18:00:12,22,4,2,1,0.5,0.817,0.882,0.882,2,0,0.8172,0.8822,0.8822,-0.065,-0.1105,(n) cushion  [_k???n]
5月 03 2018 18:01:01,25,4,2,1,0.5,0.817,0.883,0.883,2,0,0.8172,0.883,0.883,-0.0658,-0.1119,a soft cushion for one’s head in bed_ usually filled with feathers_ cotton_ or other material. * Why do people decorate their beds with so many pil ows? I only need .
5月 03 2018 18:01:14,14,3,8,16,1.94,0.842,0.897,0.917,4,1,0.1576,0.1035,0.0832,0.0744,0.0179,Listening and Spelling
5月 03 2018 18:01:18,27,3,8,16,1.95,0.846,0.896,0.917,4,1,0.1545,0.1035,0.0832,0.0712,0.0169,Listening and Spelling
5月 03 2018 18:01:25,17,3,8,16,1.95,0.852,0.896,0.917,4,1,0.148,0.1035,0.0832,0.0648,0.015,Listening and Spelling
5月 03 2018 18:01:44,41,3,7,16,2.22,0.858,0.897,0.917,4,1,0.1424,0.1033,0.0832,0.0591,0.0133,(v) to have the same color or colors that look good together; to make a good combination; to look good together. (Do you think that this sweater . these pants?)
May 05 2018 01:09:38,53,4,10,16,1.6,0.826,0.895,0.917,4,1,0.1738,0.1053,0.0832,0.0906,0.0233,n.    谈话. (This is a private .)
May 05 2018 01:09:50,26,4,8,17,2.15,0.818,0.908,0.908,4,1,0.1818,0.0915,0.0915,0.0903,0.0247,(n) episode  /??p??s??d/. (ESLPod.com presents _A Day in the Life of Jeff__ a special 10-episode course to teach you everyday vocabulary in English.)
May 05 2018 01:09:56,23,6,11,15,1.36,0.872,0.96,0.96,4,1,0.1283,0.0396,0.0396,0.0887,0.0149,(n) 垫子
May 05 2018 01:10:11,40,2,4,8,1.95,0.909,0.872,0.872,3,1,0.0914,0.128,0.128,-0.0366,-0.008,(n) two pieces of large_ thin fabric placed on a bed C one to lie on and one to lie under. (How often do you change the . on your bed?)
May 05 2018 01:10:15,22,2,3,3,0.99,0.913,0.872,0.872,4,1,0.0865,0.1279,0.1279,-0.0413,-0.0089,(n) cushion  [_k???n]
May 05 2018 01:10:28,25,2,3,3,0.99,0.916,0.872,0.872,3,1,0.0838,0.1278,0.1278,-0.044,-0.0093,a soft cushion for one’s head in bed_ usually filled with feathers_ cotton_ or other material. * Why do people decorate their beds with so many pil ows? I only need .
May 06 2018 10:05:07,62,5,13,21,1.6,0.837,0.853,0.885,4,1,0.1631,0.1473,0.1154,0.0476,0.0133,n. seat
May 06 2018 10:06:38,72,5,13,21,1.6,0.849,0.853,0.885,4,1,0.1514,0.1472,0.1154,0.0359,0.0096,n. attention. (They did not pay any attention.)
May 06 2018 10:06:51,20,8,3,1,0.33,0.755,0.946,0.946,2,0,0.7551,0.9462,0.9462,-0.1911,-0.3252,mat(e/a)rial
May 06 2018 10:07:06,33,6,14,16,1.12,0.74,0.958,0.958,4,1,0.2599,0.0424,0.0424,0.2176,0.0658,(adv) not often . (I have . heard him mention her under any other name.). (syn) rarely . The Advertures of Sherlock Holmes
May 06 2018 10:07:13,24,8,23,22,0.94,0.755,0.946,0.946,4,1,0.2449,0.0539,0.0539,0.1911,0.0571,cu(sh/t)ion
May 06 2018 10:07:17,19,8,23,22,0.94,0.755,0.946,0.946,4,1,0.2449,0.0538,0.0538,0.1912,0.0571,m(a/e)terial
5月 07 2018 09:21:33,11,9,3,1,0.33,0.597,0.94,0.94,2,0,0.5966,0.9396,0.9396,-0.343,-0.5269,a thin cover for a bed_ made of wool_ cotton_ or other material. (When Marcos saw Maria sleeping on the sofa_ he covered her with a . so she wouldn’t be too cold.)
5月 07 2018 09:21:47,18,6,16,16,1.02,0.81,0.956,0.956,4,1,0.19,0.044,0.044,0.146,0.0342,Listening and Spelling
5月 07 2018 09:22:03,36,6,10,24,2.44,0.74,0.89,0.89,3,1,0.2599,0.1101,0.1101,0.1499,0.0555,(n) transcript - （根据录音或笔记整理的）文字本. (n) episode - （电视连续剧的）集；（连载小说的）节. (ESLPod.com presents _A Day in the Life of Jeff__ a special 10-episode course to teach you everyday .
5月 07 2018 09:22:13,20,1,2,2,1.25,0.966,0.903,0.903,4,1,0.0335,0.0971,0.0971,-0.0635,-0.0083,mat(e/a)rial
5月 07 2018 09:22:36,10,8,14,22,1.6,0.88,0.944,0.944,3,1,0.1199,0.0558,0.0558,0.064,0.0113,the top-most_ thickest cover for a bed_ usually made of feathers or other warm material. * In the winter_ they sleep under a very thick comforter_ but in the summer they don’t .
5月 07 2018 09:22:54,7,8,18,22,1.25,0.88,0.944,0.944,4,1,0.1199,0.0558,0.0558,0.064,0.0113,to awaken; to stop sleeping. (She always leaves her curtains open so that she can . with the sunlight.)
5月 07 2018 09:23:06,6,8,17,22,1.32,0.88,0.944,0.944,4,1,0.1199,0.0558,0.0558,0.064,0.0113,to get out of bed; to leave one’s bed . (This morning I . very quickly because the baby was crying.)
5月 07 2018 09:23:21,8,8,17,22,1.32,0.88,0.944,0.944,4,1,0.1199,0.0558,0.0558,0.064,0.0113,to manage; to deal with; to control. (Are you sure that you can . taking six classes this semester?)
5月 08 2018 09:44:17,11,1,2,3,1.31,0.967,0.899,0.899,4,1,0.0325,0.1015,0.1015,-0.069,-0.0092,a thin cover for a bed_ made of wool_ cotton_ or other material. (When Marcos saw Maria sleeping on the sofa_ he covered her with a . so she wouldn’t be too cold.)
5月 08 2018 09:44:24,111,1,2,8,4.03,0.97,0.965,0.99,4,1,0.0304,0.0347,0.01,0.0204,0.0008,Listening and Spelling. (_I_m having breakfast__ I .(ed).)
5月 08 2018 09:44:28,108,1,2,8,4.04,0.969,0.965,0.99,4,1,0.0305,0.0348,0.01,0.0206,0.0008,Listening and Spelling. (It was dark .)
5月 08 2018 09:50:37,78,7,13,20,1.51,0.828,0.795,0.864,3,1,0.1718,0.2045,0.136,0.0358,0.011,(phrase) 生气
5月 08 2018 09:50:45,110,1,2,8,4.05,0.973,0.965,0.99,4,1,0.0267,0.0349,0.01,0.0167,0.0006,Listening and Splling. (It was my . Lucy.)
5月 08 2018 09:50:50,109,1,2,8,4.05,0.973,0.965,0.99,4,1,0.0268,0.0349,0.01,0.0168,0.0006,Listening and Spelling . (Just then_ the telephone rang.)
5月 08 2018 09:51:26,9,10,4,1,0.25,0.704,0.933,0.933,2,0,0.7038,0.9326,0.9326,-0.2288,-0.3744,the layers of fabric that cover a bed; the cloth material that covers a bed and that keep one warm. (When my husband sleeps_ he always steals the . and then I get so cold at .
5月 08 2018 09:51:32,107,1,2,8,4.05,0.973,0.965,0.99,4,1,0.0269,0.035,0.01,0.0169,0.0006,Listening and Spelling. (I sometimes stay in bed . lunchtime.)
5月 09 2018 13:59:07,117,1,2,8,4.09,0.973,0.965,0.99,4,1,0.027,0.0354,0.01,0.017,0.0006,(n) 数学
5月 09 2018 13:59:10,116,1,2,8,4.09,0.973,0.965,0.99,4,1,0.027,0.0354,0.01,0.0171,0.0006,(n) mathematics
5月 09 2018 13:59:25,25,4,6,6,1.06,0.905,0.827,0.827,3,1,0.0955,0.1729,0.1729,-0.0775,-0.0208,a soft cushion for one’s head in bed_ usually filled with feathers_ cotton_ or other material. * Why do people decorate their beds with so many pil ows? I only need .
5月 09 2018 13:59:30,20,2,3,5,1.63,0.916,0.898,0.898,4,1,0.0841,0.1015,0.1015,-0.0174,-0.0032,mat(e/a)rial
5月 09 2018 13:59:34,22,4,6,6,1.06,0.905,0.827,0.827,4,1,0.0955,0.1729,0.1729,-0.0775,-0.0208,(n) cushion  [_k???n]
5月 09 2018 13:59:43,30,9,21,26,1.22,0.622,0.937,0.937,4,1,0.3777,0.0633,0.0633,0.3145,0.1387,the fabric covering a pillow; the material that covers a pillow to keep it clean. (They bought new . to match the color of their bedroom walls.)
5月 09 2018 14:00:07,75,8,20,18,0.89,0.829,0.763,0.856,4,1,0.1714,0.2369,0.1441,0.0273,0.0086,adv. rudely. (The young man said rudely.)
5月 09 2018 14:00:17,60,8,20,18,0.89,0.847,0.763,0.856,4,1,0.1527,0.2369,0.1441,0.0086,0.0026,.n    事. (It_s none of your .)
5月 09 2018 14:00:55,9,1,3,1,0.33,0.966,0.884,0.884,2,0,0.9661,0.8837,0.8837,0.0823,0.1523,the layers of fabric that cover a bed; the cloth material that covers a bed and that keep one warm. (When my husband sleeps_ he always steals the . and then I get so cold at .
May 10 2018 09:09:25,103,3,5,15,2.92,0.91,0.9,0.917,3,1,0.0895,0.0996,0.0832,0.0063,0.0011,Notes on the text  课文注释 . on Sundays  指每个星期日。星期几的前面用介词 on。 . What a day!  [.]这是一个省略的感叹句。完整的句子应该是 What a day it is! 英语中的感叹句常用 what 开头，后面紧跟一个名词或名词性短语（包括连系动词），然后是主语和谓语，句尾用感叹词。 .
May 10 2018 09:09:58,9,1,2,2,0.95,0.965,0.919,0.919,3,1,0.0352,0.0806,0.0806,-0.0455,-0.0053,the layers of fabric that cover a bed; the cloth material that covers a bed and that keep one warm. (When my husband sleeps_ he always steals the . and then I get so cold at .
May 10 2018 09:10:14,69,9,25,18,0.71,0.787,0.742,0.856,4,1,0.2129,0.258,0.1441,0.0689,0.0246,adv.    无礼地，粗鲁地. (The young man said .)
May 12 2018 09:08:28,11,4,6,6,0.96,0.818,0.828,0.828,3,1,0.1818,0.1715,0.1715,0.0103,0.0036,a thin cover for a bed_ made of wool_ cotton_ or other material. (When Marcos saw Maria sleeping on the sofa_ he covered her with a . so she wouldn’t be too cold.)
May 12 2018 09:08:37,57,11,31,19,0.6,0.78,0.692,0.843,4,1,0.2195,0.3084,0.1573,0.0622,0.0234,adv.    大声地. (They were talking .)
May 12 2018 09:08:52,9,2,3,4,1.49,0.916,0.895,0.895,4,1,0.0841,0.1049,0.1049,-0.0208,-0.0039,the layers of fabric that cover a bed; the cloth material that covers a bed and that keep one warm. (When my husband sleeps_ he always steals the . and then I get so cold at .
May 12 2018 09:09:04,32,9,23,31,1.34,0.674,0.872,0.872,4,1,0.3264,0.1279,0.1279,0.1985,0.0902,(n) 丑事，丑闻 . (The . about the president is spread throught the whole city.) . The Advertures of Sherlock Holmes
May 14 2018 16:57:49,102,7,25,19,0.75,0.862,0.773,0.864,5,1,0.138,0.2265,0.136,0.002,0.0005,Notes on the text  课文注释 . on Sundays  指每个星期日。星期几的前面用介词 on。 . What a day!  多么糟糕的天气！这是一个省略的感叹句。完整的句子应该是 What a day it is! 英语中的感叹句常用 what .
May 14 2018 16:57:57,95,8,18,18,0.99,0.854,0.762,0.856,4,1,0.146,0.2384,0.1441,0.002,0.0006,adv.  外面. (It was dark .)
May 14 2018 16:58:06,28,12,31,43,1.38,0.855,0.915,0.915,5,1,0.1445,0.0855,0.0855,0.0591,0.0136,(translation) I have seldom heard him mention her under any other name. The Advertures of Sherlock Holmes
May 14 2018 16:58:14,49,13,34,21,0.61,0.804,0.637,0.827,4,1,0.1962,0.3625,0.1727,0.0236,0.0087,adj.    生气的. (I got very .)
May 14 2018 16:58:35,40,9,5,1,0.2,0.821,0.858,0.858,2,0,0.8207,0.858,0.858,-0.0373,-0.0626,(n) two pieces of large_ thin fabric placed on a bed C one to lie on and one to lie under. (How often do you change the . on your bed?)
May 14 2018 16:58:40,20,5,8,8,0.98,0.882,0.845,0.845,4,1,0.1179,0.1553,0.1553,-0.0374,-0.0102,mat(e/a)rial
May 19 2018 16:32:33,11,7,10,9,0.9,0.903,0.821,0.821,4,1,0.0974,0.1787,0.1787,-0.0813,-0.0224,a thin cover for a bed_ made of wool_ cotton_ or other material. (When Marcos saw Maria sleeping on the sofa_ he covered her with a . so she wouldn’t be too cold.)
May 19 2018 16:33:00,40,5,4,1,0.25,0.878,0.592,0.592,2,0,0.8782,0.5916,0.5916,0.2866,0.4213,(n) two pieces of large_ thin fabric placed on a bed C one to lie on and one to lie under. (How often do you change the . on your bed?)
May 19 2018 16:33:11,117,10,5,1,0.2,0.677,0.929,0.929,2,0,0.6769,0.929,0.929,-0.2521,-0.4048,(n) 数学
May 19 2018 16:33:16,116,10,26,31,1.21,0.677,0.929,0.929,4,1,0.3231,0.071,0.071,0.2521,0.0993,(n) mathematics
May 19 2018 16:33:29,111,11,29,35,1.21,0.651,0.921,0.921,4,1,0.349,0.0789,0.0789,0.2701,0.1156,Listening and Spelling. (_I_m having breakfast__ I .(ed).)
May 19 2018 16:33:52,5,13,36,20,0.57,0.793,0.639,0.827,4,1,0.2075,0.3607,0.1727,0.0348,0.0132,v. repeat. (_I_m having breakfast__ I repeated.)
May 19 2018 16:34:02,27,16,5,1,0.2,0.866,0.89,0.89,2,0,0.8658,0.8903,0.8903,-0.0245,-0.0431,Listening and Spelling
May 19 2018 16:34:06,85,18,56,26,0.46,0.769,0.535,0.809,4,1,0.2306,0.4647,0.1913,0.0393,0.0166,none of your business
May 19 2018 16:34:23,71,18,50,26,0.51,0.801,0.535,0.809,4,1,0.1994,0.4649,0.1913,0.0081,0.0032,adv. angrily. (I looked at the man and the woman angrily.)
May 19 2018 16:34:38,63,18,47,26,0.55,0.824,0.535,0.809,4,1,0.176,0.465,0.1913,-0.0153,-0.0056,n. play. (The play was very interesting.)
May 19 2018 16:35:07,25,10,15,9,0.57,0.864,0.776,0.776,4,1,0.1361,0.2239,0.2239,-0.0877,-0.0316,a soft cushion for one’s head in bed_ usually filled with feathers_ cotton_ or other material. * Why do people decorate their beds with so many pil ows? I only need .
May 19 2018 16:35:11,2,16,44,51,1.15,0.866,0.89,0.89,4,1,0.1342,0.1097,0.1097,0.0245,0.006,Listening and Spelling
May 19 2018 16:35:28,74,18,44,26,0.58,0.829,0.535,0.809,4,1,0.1705,0.4649,0.1913,-0.0208,-0.0075,.n  business. (_It_s none of your business__ the young man said rudely.)
May 19 2018 16:35:37,110,11,29,35,1.21,0.651,0.921,0.921,4,1,0.349,0.0789,0.0789,0.2701,0.1156,Listening and Splling. (It was my . Lucy.)
May 19 2018 16:35:45,108,11,29,35,1.21,0.651,0.921,0.921,4,1,0.349,0.079,0.079,0.27,0.1156,Listening and Spelling. (It was dark .)
May 19 2018 16:36:02,39,16,44,51,1.15,0.866,0.89,0.89,4,1,0.1342,0.1097,0.1097,0.0245,0.006,Listening and Spelling. (n) one piece of large_ thin fabric placed on a bed_ to lie on or to lie under
May 19 2018 16:36:14,12,16,42,51,1.2,0.855,0.89,0.89,4,1,0.1445,0.1097,0.1097,0.0348,0.0089,Listening and Spelling
May 19 2018 16:36:20,107,11,29,35,1.21,0.651,0.921,0.921,4,1,0.349,0.0789,0.0789,0.2701,0.1156,Listening and Spelling. (I sometimes stay in bed . lunchtime.)
May 19 2018 16:36:25,38,16,42,51,1.2,0.855,0.89,0.89,4,1,0.1445,0.1097,0.1097,0.0348,0.0089,Listening and Spelling
May 19 2018 16:37:33,51,18,47,26,0.55,0.831,0.535,0.809,4,1,0.1692,0.465,0.1913,-0.0221,-0.008,adj.    私人的. (This is a . conversation.)
May 19 2018 16:37:41,46,18,33,26,0.78,0.832,0.535,0.809,3,1,0.1678,0.4648,0.1913,-0.0235,-0.0084,(sentence) 我无法忍受。
May 19 2018 16:37:46,82,18,33,26,0.78,0.833,0.535,0.809,3,1,0.1665,0.4648,0.1913,-0.0248,-0.0089,turn round
May 19 2018 16:37:54,14,16,9,1,0.11,0.866,0.89,0.89,2,0,0.8658,0.8903,0.8903,-0.0245,-0.043,Listening and Spelling
May 19 2018 16:38:00,17,16,44,51,1.15,0.866,0.89,0.89,4,1,0.1342,0.1097,0.1097,0.0245,0.006,Listening and Spelling
May 19 2018 16:38:08,109,11,9,1,0.11,0.651,0.921,0.921,2,0,0.651,0.9211,0.9211,-0.2701,-0.4246,Listening and Spelling . (Just then_ the telephone rang.)
May 19 2018 16:38:30,9,7,13,7,0.5,0.839,0.776,0.776,4,1,0.161,0.2241,0.2241,-0.063,-0.0243,the layers of fabric that cover a bed; the cloth material that covers a bed and that keep one warm. (When my husband sleeps_ he always steals the . and then I get so cold at .
May 19 2018 16:39:35,41,16,9,1,0.11,0.855,0.89,0.89,2,0,0.8555,0.8903,0.8903,-0.0348,-0.0608,(v) to have the same color or colors that look good together; to make a good combination; to look good together. (Do you think that this sweater . these pants?)
May 19 2018 16:39:40,22,10,6,1,0.17,0.864,0.776,0.776,2,0,0.8639,0.7761,0.7761,0.0878,0.144,(n) cushion  [_k???n]
May 24 2018 10:15:38,18,17,39,69,1.77,0.931,0.918,0.918,4,1,0.0686,0.0822,0.0822,-0.0136,-0.0021,Listening and Spelling
May 24 2018 10:15:51,90,18,33,26,0.77,0.835,0.541,0.812,3,1,0.1653,0.4587,0.1881,-0.0228,-0.008,v. ring. (Just then_ the telephone rang.)
May 24 2018 10:15:55,23,19,30,89,2.96,0.884,0.898,0.898,3,1,0.1162,0.1021,0.1021,0.0142,0.0031,(n) 垫子
May 24 2018 10:16:17,26,19,30,87,2.9,0.831,0.882,0.882,3,1,0.1692,0.1176,0.1176,0.0516,0.0148,(n) episode  /??p??s??d/. (ESLPod.com presents _A Day in the Life of Jeff__ a special 10-episode course to teach you everyday vocabulary in English.)
May 24 2018 10:16:26,53,19,50,56,1.12,0.88,0.868,0.868,4,1,0.1204,0.1317,0.1317,-0.0113,-0.0028,n.    谈话. (This is a private .)
May 24 2018 10:16:41,40,5,9,3,0.31,0.922,0.607,0.607,4,1,0.0776,0.393,0.393,-0.3154,-0.1484,(n) two pieces of large_ thin fabric placed on a bed C one to lie on and one to lie under. (How often do you change the . on your bed?)
May 24 2018 10:16:51,20,10,8,1,0.13,0.905,0.811,0.811,2,0,0.9045,0.8108,0.8108,0.0937,0.1608,mat(e/a)rial
May 24 2018 10:17:01,66,23,64,31,0.48,0.805,0.453,0.8,4,1,0.1952,0.5469,0.2,-0.0048,-0.0019,adv.    生气地. (I looked at the man and the woman .)
May 24 2018 10:17:11,59,23,64,31,0.48,0.806,0.453,0.8,4,1,0.1939,0.547,0.2,-0.006,-0.0024,n. conversation. (This is a private conversation.)
May 24 2018 10:17:18,109,5,9,3,0.31,0.952,0.607,0.607,4,1,0.0485,0.3928,0.3928,-0.3443,-0.152,Listening and Spelling . (Just then_ the telephone rang.)
May 24 2018 10:17:32,117,5,9,3,0.31,0.954,0.607,0.607,4,1,0.0458,0.3931,0.3931,-0.3473,-0.1524,(n) 数学
May 24 2018 10:17:46,41,5,9,3,0.31,0.956,0.607,0.607,4,1,0.044,0.3928,0.3928,-0.3488,-0.1523,(v) to have the same color or colors that look good together; to make a good combination; to look good together. (Do you think that this sweater . these pants?)
May 24 2018 10:17:55,58,23,56,31,0.55,0.844,0.453,0.8,4,1,0.1562,0.547,0.2,-0.0437,-0.0156,adj. private. (This is a private conversation.)
May 24 2018 10:18:07,33,18,39,77,1.98,0.916,0.91,0.91,4,1,0.0841,0.0903,0.0903,-0.0063,-0.0011,(adv) not often . (I have . heard him mention her under any other name.). (syn) rarely . The Advertures of Sherlock Holmes
May 24 2018 10:18:12,22,5,8,3,0.35,0.937,0.607,0.607,4,1,0.0632,0.3928,0.3928,-0.3296,-0.1503,(n) cushion  [_k???n]
May 24 2018 10:18:19,14,5,9,3,0.31,0.958,0.607,0.607,4,1,0.042,0.3929,0.3929,-0.3509,-0.1526,Listening and Spelling
May 24 2018 10:18:23,27,5,9,3,0.31,0.959,0.607,0.607,4,1,0.0408,0.3931,0.3931,-0.3523,-0.1528,Listening and Spelling
May 24 2018 10:18:34,86,18,41,26,0.62,0.885,0.541,0.812,4,1,0.1155,0.4587,0.1881,-0.0726,-0.022,prep. until . (I sometimes stay in bed until lunchtime.)
Jun 14 2018 22:06:40,11,26,34,12,0.36,0.805,0.608,0.608,3,1,0.1954,0.3918,0.3918,-0.1964,-0.1153,a thin cover for a bed_ made of wool_ cotton_ or other material. (When Marcos saw Maria sleeping on the sofa_ he covered her with a . so she wouldn’t be too cold.)
Jun 14 2018 22:06:55,72,39,121,44,0.36,0.81,0.75,0.75,4,1,0.19,0.2501,0.2501,-0.0601,-0.0265,n. attention. (They did not pay any attention.)
Jun 14 2018 22:07:12,94,39,121,47,0.39,0.767,0.254,0.763,4,1,0.2328,0.7455,0.2366,-0.0038,-0.0018,v. (铃、电话等)响. (Just then_ the telephone .)
Jun 14 2018 22:07:29,16,44,152,53,0.35,0.742,0.213,0.763,4,1,0.2578,0.787,0.2366,0.0213,0.0105,(phrase) 转身，也可用 turn around
Jun 14 2018 22:07:42,54,44,152,53,0.35,0.743,0.213,0.763,4,1,0.2572,0.7871,0.2366,0.0207,0.0102,n. 剧场，戏院. (Last week I went to the .)
Jun 14 2018 22:07:46,101,38,118,46,0.39,0.774,0.258,0.763,4,1,0.226,0.7416,0.2366,-0.0106,-0.0049,Notes on the text  课文注释 . on Sundays  指每个星期日。星期几的前面用介词 on。 . What a day!  多么糟糕的天气！这是一个省略的感叹句。完整的句子应该是 What a day it is! 英语中的感叹句常用 what .
Jun 14 2018 22:07:49,102,31,102,60,0.59,0.925,0.816,0.816,4,1,0.0748,0.1837,0.1837,-0.1089,-0.0282,Notes on the text  课文注释 . on Sundays  指每个星期日。星期几的前面用介词 on。 . What a day!  多么糟糕的天气！这是一个省略的感叹句。完整的句子应该是 What a day it is! 英语中的感叹句常用 what .
Jun 14 2018 22:07:54,117,21,42,9,0.21,0.832,0.408,0.408,4,1,0.1684,0.5918,0.5918,-0.4234,-0.3218,(n) 数学
Jun 14 2018 22:07:58,52,44,144,53,0.37,0.744,0.213,0.763,4,1,0.2561,0.787,0.2366,0.0195,0.0096,go to the theatre.
Jun 14 2018 22:08:20,25,26,34,35,1.01,0.859,0.807,0.807,3,1,0.1412,0.1928,0.1928,-0.0517,-0.0173,a soft cushion for one’s head in bed_ usually filled with feathers_ cotton_ or other material. * Why do people decorate their beds with so many pil ows? I only need .
Jun 14 2018 22:08:23,109,21,42,9,0.21,0.832,0.408,0.408,4,1,0.1684,0.5919,0.5919,-0.4235,-0.322,Listening and Spelling . (Just then_ the telephone rang.)
Jun 14 2018 22:08:33,57,33,81,83,1.02,0.932,0.861,0.861,4,1,0.0678,0.139,0.139,-0.0712,-0.0147,adv. 大声地. (They were talking .)
Jun 14 2018 22:08:47,47,39,149,47,0.31,0.77,0.254,0.763,5,1,0.2301,0.7455,0.2366,-0.0065,-0.003,prep. 直到. (I sometimes stay in bed . lunchtime.)
Jun 14 2018 22:08:56,89,39,149,47,0.31,0.77,0.254,0.763,5,1,0.2296,0.7455,0.2366,-0.007,-0.0033,adv. outside. (It was dark outside.)
Jun 14 2018 22:09:06,73,44,144,53,0.37,0.746,0.213,0.763,4,1,0.2544,0.787,0.2366,0.0178,0.0088,v. bear (bore_ borne). (In the end_ I could not bear it.)
Jun 14 2018 22:09:18,95,31,91,65,0.71,0.893,0.826,0.826,5,1,0.1072,0.1743,0.1743,-0.0671,-0.0189,adv. 外面. (It was dark .)
Jun 14 2018 22:09:23,46,26,41,66,1.62,0.945,0.919,0.919,3,1,0.0548,0.0814,0.0814,-0.0266,-0.0036,(sentence) 我无法忍受。
Jun 14 2018 22:09:33,93,39,121,47,0.39,0.771,0.254,0.763,4,1,0.2286,0.7455,0.2366,-0.008,-0.0037,n. 姑，姨，婶，舅母. (It was my aunt .)
Jun 14 2018 22:09:37,81,44,144,53,0.37,0.747,0.213,0.763,4,1,0.2534,0.787,0.2366,0.0168,0.0082,got angry
Jun 14 2018 22:10:38,83,44,144,53,0.37,0.747,0.213,0.763,4,1,0.2529,0.787,0.2366,0.0163,0.008,pay attention
Jun 14 2018 22:10:52,74,26,52,66,1.27,0.962,0.919,0.919,4,1,0.0383,0.0814,0.0814,-0.0431,-0.0052,.n  business. (_It_s none of your business__ the young man said rudely.)
Jun 14 2018 22:11:02,5,26,60,73,1.21,0.954,0.911,0.911,4,1,0.0457,0.0895,0.0895,-0.0437,-0.0059,v. repeat. (_I_m having breakfast__ I repeated.)
Jun 14 2018 22:11:16,69,35,115,69,0.6,0.913,0.82,0.82,5,1,0.087,0.18,0.18,-0.093,-0.0248,adv. 无礼地，粗鲁地. (The young man said .)
Jun 14 2018 22:11:30,55,44,168,53,0.31,0.748,0.213,0.763,5,1,0.2524,0.7871,0.2366,0.0158,0.0077,n. 座位. (I had a very good .)
Jun 16 2018 21:46:47,104,40,124,49,0.39,0.768,0.241,0.763,4,1,0.2319,0.759,0.2366,-0.0047,-0.0022,Notes on the text  课文注释 . on Sundays  [.]星期几的前面用介词 on。 . What a day!  多么糟糕的天气！这是一个省略的感叹句。完整的句子应该是 What a day it is! 英语中的感叹句常用 what 开头，后面紧跟一个名词或名词性短语（包括连系动词），然后是主语和谓语，句尾用感叹词。 .
Jun 16 2018 21:46:53,103,37,74,45,0.61,0.582,0.761,0.761,3,1,0.4181,0.2393,0.2393,0.1788,0.1175,Notes on the text  课文注释 . on Sundays  指每个星期日。星期几的前面用介词 on。 . What a day!  [.]这是一个省略的感叹句。完整的句子应该是 What a day it is! 英语中的感叹句常用 what 开头，后面紧跟一个名词或名词性短语（包括连系动词），然后是主语和谓语，句尾用感叹词。 .
Jun 16 2018 21:46:57,98,40,124,49,0.39,0.769,0.241,0.763,4,1,0.2314,0.759,0.2366,-0.0052,-0.0024,Notes on the text  课文注释 . [.]  指每个星期日。星期几的前面用介词 on。 . What a day!  多么糟糕的天气！这是一个省略的感叹句。完整的句子应该是 What a day it is! 英语中的感叹句常用 what 开头，后面紧跟一个名词或名词性短语（包括连系动词），然后是主语和谓语，句尾用感叹词。 .
Jun 16 2018 21:47:00,99,40,124,49,0.39,0.769,0.241,0.763,4,1,0.231,0.759,0.2366,-0.0056,-0.0026,Notes on the text  课文注释 . on Sundays  指每个星期日。星期几的前面用介词 on。 . [.]  多么糟糕的天气！这是一个省略的感叹句。完整的句子应该是 What a day it is! 英语中的感叹句常用 what 开头，后面紧跟一个名词或名词性短语（包括连系动词），然后是主语和谓语，句尾用感叹词。 . I_m .
Jun 16 2018 21:47:25,75,38,99,56,0.57,0.88,0.789,0.789,4,1,0.1204,0.2109,0.2109,-0.0905,-0.03,adv. rudely. (The young man said rudely.)
Jun 16 2018 21:47:29,82,28,44,78,1.77,0.941,0.913,0.913,4,1,0.0589,0.0873,0.0873,-0.0284,-0.0041,turn round
Jun 16 2018 21:47:37,84,46,99,55,0.55,0.74,0.199,0.763,3,1,0.2602,0.8013,0.2366,0.0237,0.0118,I could not bear it.
Jun 16 2018 21:47:43,79,46,159,55,0.35,0.74,0.199,0.763,4,1,0.2598,0.8013,0.2366,0.0232,0.0115,(phrase) 注意
Jun 16 2018 21:47:59,61,46,151,55,0.36,0.741,0.199,0.763,4,1,0.2593,0.8014,0.2366,0.0227,0.0113,n. theatre. (Last week I went to the theatre.)
Jun 16 2018 21:48:10,62,41,127,43,0.34,0.801,0.739,0.739,5,1,0.1987,0.2609,0.2609,-0.0622,-0.0286,n. seat. (I had a very good seat.)
Jun 16 2018 21:48:16,80,46,159,55,0.35,0.741,0.199,0.763,4,1,0.2589,0.8013,0.2366,0.0223,0.011,(phrase) 不关你的事
Jun 16 2018 21:48:35,63,28,87,78,0.9,0.962,0.913,0.913,5,1,0.0383,0.0873,0.0873,-0.049,-0.0062,n. play. (The play was very interesting.)
Jun 16 2018 21:48:51,56,46,159,55,0.35,0.742,0.199,0.763,4,1,0.2584,0.8014,0.2366,0.0219,0.0108,n. 戏. (The . was very interesting.)
Jun 16 2018 21:49:08,91,41,127,49,0.39,0.766,0.237,0.763,4,1,0.2336,0.7627,0.2366,-0.003,-0.0014,n. aunt. (It was my aunt Lucy.)
Jun 16 2018 21:49:20,60,38,118,56,0.48,0.88,0.789,0.789,5,1,0.1204,0.2109,0.2109,-0.0905,-0.03,.n 事. (It_s none of your .)
Jun 16 2018 21:49:46,51,28,87,78,0.9,0.962,0.913,0.913,5,1,0.0383,0.0873,0.0873,-0.049,-0.0061,adj. 私人的. (This is a . conversation.)
Jun 16 2018 21:49:58,92,41,157,49,0.31,0.767,0.237,0.763,5,1,0.2332,0.7627,0.2366,-0.0034,-0.0016,v. 重复. (_I_m having breakfast__ I .)
Jun 16 2018 21:50:15,49,33,108,89,0.82,0.938,0.889,0.889,5,1,0.0617,0.1112,0.1112,-0.0495,-0.0086,adj. 生气的. (I got very .)
Jun 16 2018 21:50:20,32,35,109,131,1.2,0.907,0.864,0.864,5,1,0.0929,0.1357,0.1357,-0.0427,-0.0098,(n) 丑事，丑闻 . (The . about the president is spread throught the whole city.) . The Advertures of Sherlock Holmes
Jun 16 2018 21:50:27,36,40,62,110,1.78,0.698,0.816,0.816,3,1,0.3024,0.1837,0.1837,0.1187,0.0577,(n) transcript - （根据录音或笔记整理的）文字本. (n) episode - （电视连续剧的）集；（连载小说的）节. (ESLPod.com presents _A Day in the Life of Jeff__ a special 10-episode course to teach you everyday .
Jun 16 2018 21:50:35,27,23,49,9,0.19,0.836,0.376,0.376,4,1,0.1643,0.6242,0.6242,-0.4599,-0.3627,Listening and Spelling
Jun 16 2018 22:41:07,14,23,49,9,0.19,0.836,0.375,0.375,4,1,0.1643,0.6249,0.6249,-0.4606,-0.3635,Listening and Spelling
Jun 16 2018 22:42:28,20,23,36,9,0.24,0.807,0.084,0.084,4,1,0.1931,0.9161,0.9161,-0.723,-0.8019,mat(e/a)rial
Jun 16 2018 22:42:43,41,23,49,9,0.19,0.836,0.375,0.375,4,1,0.1643,0.625,0.625,-0.4607,-0.3636,(v) to have the same color or colors that look good together; to make a good combination; to look good together. (Do you think that this sweater . these pants?)
Jun 16 2018 22:43:03,85,28,97,78,0.81,0.968,0.913,0.913,5,1,0.0316,0.0874,0.0874,-0.0558,-0.0066,none of your business
Jun 16 2018 22:43:09,24,41,120,139,1.16,0.887,0.849,0.849,4,1,0.1131,0.1514,0.1514,-0.0383,-0.0101,cu(sh/t)ion
Jun 16 2018 22:43:14,22,23,33,9,0.28,0.794,0.375,0.375,3,1,0.2061,0.625,0.625,-0.4189,-0.3481,(n) cushion  [_k???n]
Jun 16 2018 22:43:17,19,41,120,139,1.15,0.887,0.849,0.849,4,1,0.1131,0.1514,0.1514,-0.0384,-0.0101,m(a/e)terial
Jun 16 2018 22:43:31,71,28,92,78,0.85,0.964,0.913,0.913,5,1,0.0358,0.0874,0.0874,-0.0516,-0.0064,adv. angrily. (I looked at the man and the woman angrily.)
Jun 16 2018 22:44:03,64,46,176,55,0.31,0.752,0.198,0.763,5,1,0.2484,0.8017,0.2366,0.0118,0.0057,adv. loudly. (They were talking loudly.)
Jun 16 2018 22:44:21,67,46,176,55,0.31,0.752,0.198,0.763,5,1,0.2481,0.8016,0.2366,0.0115,0.0056,n. 注意. (They did not pay any .)
Jun 16 2018 22:44:27,78,39,96,43,0.45,0.805,0.748,0.748,4,1,0.1954,0.2521,0.2521,-0.0567,-0.0254,(phrase) 生气
Jun 16 2018 22:44:30,77,46,159,55,0.35,0.752,0.198,0.763,4,1,0.2478,0.8016,0.2366,0.0112,0.0054,去看戏
Jun 16 2018 22:44:41,68,46,159,55,0.35,0.752,0.198,0.763,4,1,0.2475,0.8016,0.2366,0.0109,0.0053,v. 容忍. (In the end_ I could not . it.)
Jun 16 2018 22:45:10,40,23,33,9,0.28,0.817,0.375,0.375,3,1,0.1829,0.6249,0.6249,-0.442,-0.357,(n) two pieces of large_ thin fabric placed on a bed C one to lie on and one to lie under. (How often do you change the . on your bed?)
Jun 16 2018 22:45:33,30,38,71,144,2.02,0.892,0.881,0.881,3,1,0.1078,0.1193,0.1193,-0.0115,-0.0026,the fabric covering a pillow; the material that covers a pillow to keep it clean. (They bought new . to match the color of their bedroom walls.)
